city,state,latitude,longitude,geoname_id,geonames_name,feature_code
Alvada,OH,41.05033,-83.40187,5145658,Alvada,PPL
Amite,LA,30.72657,-90.50898,4314744,Amite,PPLA2
Athens,GA,33.96095,-83.37794,4180386,Athens,PPLA2
Auburn,NH,43.00453,-71.3484,5082811,Auburn,PPL
Augusta,GA,33.47097,-81.97484,4180531,Augusta,PPLA2
Barrington,NH,43.22286,-71.04701,5083023,Barrington,PPL
Batesburg,SC,33.90792,-81.54733,4570111,Batesburg,PPL
Belden,MS,34.31038,-88.78839,4417553,Belden,PPL
Bensalem,PA,40.10455,-74.95128,5179995,Bensalem,PPL
Berlin,MA,42.3812,-71.63701,4930431,Berlin,PPL
Bethany,LA,32.37321,-94.04269,4316545,Bethany,PPL
Blakeslee,PA,41.09259,-75.59269,5180848,Blakeslee,PPL
Bois D Arc,MO,37.25644,-93.5077,4377827,Bois D'Arc,PPL
Boise,ID,43.6135,-116.20345,5586437,Boise,PPLA
Bow,NH,43.13203,-71.54924,5083694,Bow,PPL
Boylston,MA,42.39176,-71.70368,4931127,Boylston,PPL
Branford,CT,41.27954,-72.8151,5283054,Branford,PPL
Breezewood,PA,39.99925,-78.23862,4556760,Breezewood,PPL
Bridgewater,MA,41.99038,-70.97504,4931303,Bridgewater,PPL
Brogue,PA,39.87177,-76.48302,4556785,Brogue,PPL
Brownville,ME,45.307,-69.03337,4959464,Brownville,PPL
Butte,MT,46.00382,-112.53474,5642934,Butte,PPLA2
Canaan,ME,44.76173,-69.56144,4960036,Canaan,PPL
Canaan,NY,42.41203,-73.44706,5111373,Canaan,PPL
Candia,NH,43.07786,-71.27673,5084165,Candia,PPL
Candler,NC,35.5365,-82.69291,4459017,Candler,PPL
Carson City,NV,39.1638,-119.7674,5501344,Carson City,PPLA
Casa Blanca,NM,35.0456,-107.47144,5460627,Casa Blanca,PPL
Casco,MI,42.75253,-82.67158,4988185,Casco,PPL
Castle Creek,NY,42.22758,-75.91825,5111726,Castle Creek,PPL
Cayuta,NY,42.28174,-76.69689,5111880,Cayuta,PPL
Champion,MI,46.51382,-87.96347,4832498,Champion,PPL
Chappell Hill,TX,30.14272,-96.25691,4680490,Chappell Hill,PPL
Charlton,MA,42.13565,-71.97007,4932823,Charlton,PPL
Cherry Hill,NJ,39.93484,-75.03073,4501198,Cherry Hill,PPL
Clifton Park,NY,42.86563,-73.77095,5112961,Clifton Park,PPL
Clines Corners,NM,35.0095,-105.66918,5462365,Clines Corners,PPL
Colfax,NC,36.11264,-80.01448,4461380,Colfax,PPL
Colgate,WI,43.19306,-88.20676,5249156,Colgate,PPL
Cross Junction,VA,39.32038,-78.29334,4754808,Cross Junction,PPL
Curtis Bay,MD,39.22677,-76.58802,4352671,Curtis Bay,PPL
Cusseta,GA,32.30543,-84.7727,4190434,Cusseta,PPLA2
Darien,CT,41.07871,-73.46929,4832425,Darien,PPL
Dewey,AZ,34.53003,-112.24127,5284560,Dewey,PPL
Diamond,OH,41.09895,-81.02287,5152058,Diamond,PPL
Doswell,VA,37.86014,-77.46415,4756225,Doswell,PPL
Drewryville,VA,36.71571,-77.30636,4756379,Drewryville,PPL
Drums,PA,41.01814,-75.99493,5187329,Drums,PPL
Dumont,CO,39.76471,-105.60028,5420187,Dumont,PPL
East Brunswick,NJ,40.42788,-74.41598,5097402,East Brunswick,PPLA3
East Granby,CT,41.94121,-72.72732,4833343,East Granby,PPL
East Windsor,CT,41.91232,-72.54509,5282868,East Windsor,PPL
Eastaboga,AL,33.60594,-86.02136,4059990,Eastaboga,PPL
Edwards,IL,40.74587,-89.74427,4890759,Edwards,PPL
Elizabethport,NJ,40.6501,-74.18709,5097603,Elizabethport,PPL
Ellabell,GA,32.12354,-81.48567,4193208,Ellabell,PPL
Ellenwood,GA,33.61011,-84.28798,4193215,Ellenwood,PPL
Etters,PA,40.15241,-76.8189,11101838,Etters,PPL
Fackler,AL,34.79258,-85.90998,4061165,Fackler,PPL
Feasterville Trevose,PA,40.15242,-74.98655,7257878,Feasterville-Trevose,PPL
Ferrisburgh,VT,44.20561,-73.24623,5236108,Ferrisburgh,PPL
Fortson,GA,32.60708,-84.93715,4195894,Fortson,PPL
Franksville,WI,42.76002,-87.91341,5253762,Franksville,PPL
Gansevoort,NY,43.19618,-73.65178,5118221,Gansevoort,PPL
Gladstone,VA,37.54681,-78.84946,4760990,Gladstone,PPL
Glendale,KY,37.60173,-85.90552,4292848,Glendale,PPL
Glenmont,NY,42.6048,-73.76957,5118687,Glenmont,PPL
Grassy Butte,ND,47.39251,-103.24797,5689390,Grassy Butte,PPL
Greenland,NH,43.0362,-70.83283,5086915,Greenland,PPL
Greentown,PA,41.32176,-75.30546,5192015,Greentown,PPL
Grovertown,IN,41.37504,-86.50473,4921021,Grovertown,PPL
Gum Spring,VA,37.7757,-77.89666,4762583,Gum Spring,PPL
Hamptonville,NC,36.09847,-80.76035,4469785,Hamptonville,PPL
Hankamer,TX,29.85828,-94.62686,4696050,Hankamer,PPL
Harpursville,NY,42.17841,-75.62463,5120056,Harpursville,PPL
Hartford,TN,35.81676,-83.14321,4628076,Hartford,PPL
Heiskell,TN,36.08175,-84.0538,4628605,Heiskell,PPL
Henrico,VA,36.59264,-78.61611,4763729,Henrico,PPL
Henrietta,NY,43.05923,-77.61222,5120521,Henrietta,PPL
Hogansburg,NY,44.97394,-74.66324,5120956,Hogansburg,PPL
Holden,ME,44.75285,-68.67892,4967344,Holden,PPL
Hope Hull,AL,32.26986,-86.35719,4068012,Hope Hull,PPL
Hunt Valley,MD,39.49983,-76.64108,4358701,Hunt Valley,PPL
Hurricane Mills,TN,35.97117,-87.78197,4631575,Hurricane Mills,PPL
Indianapolis,IN,39.76838,-86.15804,4259418,Indianapolis,PPLA
Irving,NY,42.56756,-79.11282,5122360,Irving,PPL
Isom,KY,37.18788,-82.89877,4296005,Isom,PPL
Jean,NV,35.77887,-115.32388,5506254,Jean,PPL
Joelton,TN,36.31311,-86.86528,4633209,Joelton,PPLX
Johns Island,SC,32.769,-80.102,4583544,Johns Island,PPL
Johnson,KS,37.57057,-101.751,5445688,Johnson,PPL
Johnston,RI,41.82186,-71.50675,8604682,Johnston,PPLA3
Kearneysville,WV,39.38816,-77.88555,4810696,Kearneysville,PPL
Kodak,TN,35.97453,-83.62684,4634963,Kodak,PPL
La Fayette,NY,42.89229,-76.1052,5123704,LaFayette,PPL
Lake Ariel,PA,41.45397,-75.38268,5196744,Lake Ariel,PPL
Lambsburg,VA,36.58541,-80.76118,4768503,Lambsburg,PPL
Lancaster,MA,42.45565,-71.67312,4941635,Lancaster,PPL
Lanexa,VA,37.42376,-76.90108,4768572,Lanexa,PPL
Larsen,WI,44.19165,-88.624,5259538,Larsen,PPL
Lawrence,MS,32.32514,-89.23284,4433056,Lawrence,PPL
Leesville,SC,33.91653,-81.51344,4584885,Leesville,PPL
Lenorah,TX,32.30456,-101.87625,5525015,Lenorah,PPL
Lewis,NY,44.27505,-73.56569,5124281,Lewis,PPL
Lexington,KY,37.98869,-84.47772,4297983,Lexington,PPLA2
Liberty,ME,44.38924,-69.30282,4969470,Liberty,PPL
Linwood,NC,35.75069,-80.31783,4476067,Linwood,PPL
Livingston,NY,42.14203,-73.77791,5124923,Livingston,PPL
Longs,SC,33.93851,-78.73307,4585799,Longs,PPL
Macon,GA,32.84069,-83.6324,4207400,Macon,PPLA2
Madison,CT,41.27954,-72.59843,4838116,Madison,PPL
Mahwah,NJ,41.08871,-74.14376,5100776,Mahwah,PPL
Maxwell,TX,29.88105,-97.79334,4709701,Maxwell,PPL
Mc Alpin,FL,30.13912,-82.9518,4163748,McAlpin,PPL
Medway,ME,45.60894,-68.53086,4971734,Medway,PPL
Merrimack,NH,42.86509,-71.4934,5089478,Merrimack,PPL
Middlebury Center,PA,41.84368,-77.27442,5201008,Middlebury Center,PPL
Middlesboro,KY,36.60842,-83.71658,4300717,Middlesboro,PPL
Middleton,MI,43.18337,-84.70889,5001921,Middleton,PPL
Midland,GA,32.57486,-84.82715,4209111,Midland,PPL
Milford,CT,41.22232,-73.0565,4838652,Milford,PPL
Millbury,MA,42.19398,-71.76007,4944122,Millbury,PPL
Milldale,CT,41.56593,-72.89177,4838731,Milldale,PPL
Millersville,MD,39.05955,-76.64802,4362543,Millersville,PPL
Milltown,MT,46.87131,-113.88177,5666430,Milltown,PPL
Moapa,NV,36.6758,-114.62082,5508465,Moapa,PPL
Monroe Township,NJ,40.31789,-74.41182,5099160,Monroe Township,PPL
Monroeton,PA,41.71258,-76.47466,5201733,Monroeton,PPL
Montague,NJ,41.30315,-74.7935,5101329,Montague,PPL
Montezuma,NY,43.01006,-76.70328,5127345,Montezuma,PPL
Mount Holly,NJ,39.99289,-74.78766,4503134,Mount Holly,PPLA2
Mount Laurel,NJ,39.934,-74.891,4503136,Mount Laurel,PPL
Nashville,TN,36.16589,-86.78444,4644585,Nashville,PPLA
Natick,MA,42.28343,-71.3495,4944994,Natick,PPL
New Boston,MI,42.16254,-83.40299,5003372,New Boston,PPL
New Hampton,NY,41.41093,-74.4071,5128501,New Hampton,PPL
Newburg,MD,38.37735,-76.95331,4363708,Newburg,PPL
Newport,MI,42.00227,-83.30854,5003467,Newport,PPL
Newton Lower Falls,MA,42.32926,-71.25367,4945310,Newton Lower Falls,PPL
North Bergen,NJ,40.80427,-74.01208,5101879,North Bergen,PPL
North Billerica,MA,42.58343,-71.2845,4945520,North Billerica,PPL
North Brunswick,NJ,40.454,-74.482,6946944,North Brunswick,PPL
North Jackson,OH,41.10006,-80.85731,5164804,North Jackson,PPL
North Oxford,MA,42.15009,-71.86841,4945696,North Oxford,PPL
North Stonington,CT,41.44093,-71.88118,4839750,North Stonington,PPL
Northwood,NH,43.19425,-71.1509,5090470,Northwood,PPL
Orla,TX,31.82513,-103.90881,5527797,Orla,PPL
Ottawa Lake,MI,41.77362,-83.72732,6620472,Ottawa Lake,
Pecos,TX,31.42291,-103.49323,5528182,Pecos,PPLA2
Pendleton,KY,38.46229,-85.30357,4303867,Pendleton,PPL
Pioneer,TN,36.41758,-84.3141,4649759,Pioneer,PPL
Plainfield,CT,41.67649,-71.91507,4840755,Plainfield,PPL
Princeton,ME,45.22341,-67.57222,4976035,Princeton,PPL
Providence Forge,VA,37.44181,-77.04358,4780512,Providence Forge,PPL
Pryor,OK,36.30843,-95.31691,4548516,Pryor,PPLA2
Queensbury,NY,43.37729,-73.61317,5133279,Queensbury,PPLA2
Quinton,VA,37.53376,-77.12108,4780773,Quinton,PPL
Rabun Gap,GA,34.96049,-83.39318,11696141,Rabun Gap,PPL
Raphine,VA,37.93735,-79.23281,4781023,Raphine,PPL
Redford,MI,42.38337,-83.2966,5006917,Redford,PPL
Ridgedale,MO,36.50395,-93.22379,4405638,Ridgedale,PPL
Rising Fawn,GA,34.76008,-85.53108,4218912,Rising Fawn,PPL
Roans Prairie,TX,30.58437,-95.94384,4723028,Roans Prairie,PPL
Rockville,VA,37.72598,-77.67832,4782607,Rockville,PPL
Round O,SC,32.93712,-80.54094,4593560,Round O,PPL
Ruther Glen,VA,37.92875,-77.45582,4783310,Ruther Glen,PPL
Saint Croix,IN,38.22395,-86.58637,4264134,Saint Croix,PPL
Saint Johns,FL,30.0815,-81.54774,11704266,St. Johns,PPLX
Saint Thomas,PA,39.91759,-77.79777,4561041,Saint Thomas,PPL
Sainte Genevieve,MO,37.98144,-90.04178,4407294,Sainte Genevieve,PPL
Sangerfield,NY,42.91396,-75.37906,5136294,Sangerfield,PPL
Sawyer,MI,41.88532,-86.58947,5009038,Sawyer,PPL
Scarborough,ME,43.57814,-70.32172,4977882,Scarborough,PPL
Seekonk,MA,41.80843,-71.337,4950541,Seekonk,PPL
Sherman,ME,45.87116,-68.41781,4978484,Sherman,PPL
Shrewsbury,MA,42.29593,-71.71285,4950898,Shrewsbury,PPL
Skippers,VA,36.61182,-77.54665,4785925,Skippers,PPL
Smiths Creek,MI,42.91392,-82.60381,5010238,Smiths Creek,PPL
South Windsor,CT,41.82371,-72.6212,4843353,South Windsor,PPL
Sterling,ND,46.81388,-100.2915,5692360,Sterling,PPL
Summerfield,FL,29.00859,-82.03481,4174280,Summerfield,PPL
Supply,NC,34.01767,-78.2675,4830472,Supply,PPL
Sutton,MA,42.1501,-71.76285,4952444,Sutton,PPL
Tafton,PA,41.40453,-75.18295,5215125,Tafton,PPL
Taylor,MO,39.9381,-91.52377,4411294,Taylor,PPL
Teays,WV,38.44176,-81.95291,4824457,Teays,PPL
Tinnie,NM,33.37065,-105.22637,5494626,Tinnie,PPL
Tollesboro,KY,38.55952,-83.57603,4311007,Tollesboro,PPL
Townsend,VA,37.18459,-75.95826,4789921,Townsend,PPL
Townville,SC,34.56371,-82.89848,4598835,Townville,PPL
Troy,VA,37.95097,-78.24639,4790178,Troy,PPL
Utica,IL,41.34059,-89.01008,4914586,Utica,PPL
Uxbridge,MA,42.07732,-71.62951,4953804,Uxbridge,PPL
Waddy,KY,38.13702,-85.0744,4312507,Waddy,PPL
Wall,TX,31.37405,-100.30759,5533083,Wall,PPL
Warren,ME,44.12036,-69.24005,4982137,Warren,PPL
Waterfall,PA,40.12758,-78.06278,5218193,Waterfall,PPL
West Chesterfield,NH,42.90425,-72.51564,5094477,West Chesterfield,PPL
West Coxsackie,NY,42.36064,-73.81679,5143760,West Coxsackie,PPL
West Greenwich,RI,41.637,-71.66004,8260172,West Greenwich,PPL
West Helena,AR,34.55066,-90.64177,4135840,West Helena,PPL
West Paris,ME,44.32423,-70.57395,4982671,West Paris,PPL
Westminster,MA,42.54592,-71.91063,4955247,Westminster,PPL
Westover,MD,38.12401,-75.70632,4373267,Westover,PPL
Whately,MA,42.43981,-72.63481,4955376,Whately,PPL
Winnabow,NC,34.14934,-78.0936,4499585,Winnabow,PPL
Woodford,VA,38.11319,-77.40887,4794488,Woodford,PPL
Wrentham,MA,42.06677,-71.32811,4956266,Wrentham,PPL
Wysox,PA,41.77452,-76.39938,5220259,Wysox,PPL
Youngstown,FL,30.36436,-85.43826,4178909,Youngstown,PPL
Bronx,NY,40.84985,-73.86641,5110266,The Bronx,PPLA2
Sault Sainte Marie,MI,46.4953,-84.34532,5009004,Sault Ste. Marie,PPLA2
Hot Springs National Park,AR,34.5037,-93.05518,4115412,Hot Springs,PPLA2
